<?xml version="1.0" encoding="UTF-8"?>
<feature
      id="org.eclipse.wst.xml_sdk.feature"
      label="org.eclipse.wst.xml_sdk.feature"
      version="1.0.0">

   <description url="http://www.example.com/description">
      [Enter Feature Description here.]
   </description>

   <copyright url="http://www.example.com/copyright">
      [Enter Copyright Description here.]
   </copyright>

   <license url="http://www.example.com/license">
      [Enter License Description here.]
   </license>

   <includes
         id="org.eclipse.wst.xml_ui.feature"
         version="1.0.0"/>

   <includes
         id="org.eclipse.wst.common_sdk.feature"
         version="1.0.0"/>

   <requires>
      <import plugin="org.eclipse.ui"/>
      <import plugin="org.eclipse.core.runtime"/>
   </requires>

   <plugin
         id="org.eclipse.wst.xml.source"
         download-size="0"
         install-size="0"
         version="1.0.0"
         unpack="false"/>

</feature>
