<?xml version="1.0" encoding="UTF-8"?>
<feature
      id="org.eclipse.wst.xml_core.feature"
      label="org.eclipse.wst.xml_core.feature"
      version="1.0.0">

   <description url="http://www.example.com/description">
      [Enter Feature Description here.]
   </description>

   <copyright url="http://www.example.com/copyright">
      [Enter Copyright Description here.]
   </copyright>

   <license url="http://www.example.com/license">
      [Enter License Description here.]
   </license>

   <includes
         id="org.apache.xerces.feature"
         version="2.7.0"/>

   <includes
         id="org.eclipse.wst.common_core.feature"
         version="1.0.0"/>

   <requires>
      <import feature="org.eclipse.wst.common_core.feature" version="1.0.0"/>
   </requires>

   <plugin
         id="org.eclipse.wst.xml.core"
         download-size="0"
         install-size="0"
         version="0.7.0"
         unpack="false"/>

   <plugin
         id="org.eclipse.wst.dtd.core"
         download-size="0"
         install-size="0"
         version="0.7.0"
         unpack="false"/>

   <plugin
         id="org.eclipse.wst.xsd.core"
         download-size="0"
         install-size="0"
         version="0.7.0"
         unpack="false"/>

   <plugin
         id="org.eclipse.wst.sse.core"
         download-size="0"
         install-size="0"
         version="0.7.0"
         unpack="false"/>

</feature>
