<?xml version="1.0" encoding="UTF-8"?>
<feature
      id="org.eclipse.wst.common_ui.feature"
      label="org.eclipse.wst.common_ui.feature"
      version="1.0.0">

   <description url="http://www.example.com/description">
      [Enter Feature Description here.]
   </description>

   <copyright url="http://www.example.com/copyright">
      [Enter Copyright Description here.]
   </copyright>

   <license url="http://www.example.com/license">
      [Enter License Description here.]
   </license>

   <includes
         id="org.eclipse.wst.common_core.feature"
         version="1.0.0"/>

   <includes
         id="org.eclipse.wst.common_userdoc.feature"
         version="1.0.0"/>

   <requires>
      <import feature="org.eclipse.wst.common_core.feature" version="1.0.0"/>
   </requires>

   <plugin
         id="org.eclipse.wst.command.env.ui"
         download-size="0"
         install-size="0"
         version="0.7.0"
         unpack="false"/>

   <plugin
         id="org.eclipse.wst.common.frameworks.ui"
         download-size="0"
         install-size="0"
         version="0.7.0"
         unpack="false"/>

   <plugin
         id="org.eclipse.wst.common.infopop"
         download-size="0"
         install-size="0"
         version="0.7.0"/>

   <plugin
         id="org.eclipse.wst.common.navigator.views"
         download-size="0"
         install-size="0"
         version="0.7.0"/>

   <plugin
         id="org.eclipse.wst.common.navigator.workbench"
         download-size="0"
         install-size="0"
         version="0.7.0"/>

   <plugin
         id="org.eclipse.wst.common.project.facet.ui"
         download-size="0"
         install-size="0"
         version="1.0.0"/>

   <plugin
         id="org.eclipse.wst.common.snippets"
         download-size="0"
         install-size="0"
         version="0.7.0"
         unpack="false"/>

   <plugin
         id="org.eclipse.wst.common.ui"
         download-size="0"
         install-size="0"
         version="0.7.0"
         unpack="false"/>

   <plugin
         id="org.eclipse.wst.common.ui.properties"
         download-size="0"
         install-size="0"
         version="0.7.0"
         unpack="false"/>

   <plugin
         id="org.eclipse.wst.internet.proxy"
         download-size="0"
         install-size="0"
         version="0.7.0"/>

   <plugin
         id="org.eclipse.wst.validation.ui"
         download-size="0"
         install-size="0"
         version="0.7.0"
         unpack="false"/>

</feature>
