<?xml version="1.0" encoding="UTF-8"?>
<feature
      id="org.eclipse.wst.xml_ui.feature"
      label="org.eclipse.wst.xml_ui.feature"
      version="1.0.0">

   <description url="http://www.example.com/description">
      [Enter Feature Description here.]
   </description>

   <copyright url="http://www.example.com/copyright">
      [Enter Copyright Description here.]
   </copyright>

   <license url="http://www.example.com/license">
      [Enter License Description here.]
   </license>

   <includes
         id="org.eclipse.wst.xml_core.feature"
         version="1.0.0"/>

   <includes
         id="org.eclipse.wst.common_core.feature"
         version="1.0.0"/>

   <includes
         id="org.eclipse.wst.xml_userdoc.feature"
         version="1.0.0"/>

   <requires>
      <import plugin="org.eclipse.core.resources"/>
      <import plugin="org.eclipse.core.runtime"/>
      <import plugin="org.eclipse.jface.text"/>
      <import plugin="org.eclipse.ui"/>
      <import plugin="org.eclipse.ui.editors"/>
      <import plugin="org.eclipse.ui.ide"/>
      <import plugin="org.eclipse.ui.views"/>
      <import plugin="org.eclipse.ui.workbench"/>
      <import plugin="org.eclipse.ui.workbench.texteditor"/>
      <import plugin="org.eclipse.wst.common.ui"/>
      <import plugin="org.eclipse.wst.dtd.core"/>
      <import plugin="org.eclipse.wst.sse.core"/>
      <import plugin="org.eclipse.wst.xml.core"/>
      <import plugin="org.eclipse.wst.validation"/>
      <import plugin="org.eclipse.debug.core"/>
      <import plugin="org.eclipse.debug.ui"/>
      <import plugin="org.eclipse.search"/>
      <import plugin="org.eclipse.swt"/>
      <import plugin="org.eclipse.jface"/>
      <import plugin="org.eclipse.core.filebuffers"/>
      <import plugin="org.eclipse.emf.common"/>
      <import plugin="org.eclipse.wst.common.uriresolver"/>
      <import plugin="org.eclipse.core.runtime.compatibility"/>
      <import plugin="org.eclipse.xsd"/>
      <import plugin="org.eclipse.gef"/>
      <import plugin="org.eclipse.wst.common.ui.properties"/>
      <import plugin="org.eclipse.xsd.edit"/>
      <import plugin="org.eclipse.emf.edit"/>
      <import plugin="org.eclipse.emf.edit.ui"/>
      <import plugin="org.eclipse.ltk.core.refactoring"/>
      <import plugin="org.eclipse.ltk.ui.refactoring"/>
      <import plugin="org.eclipse.wst.xsd.core"/>
      <import feature="org.eclipse.wst.xml_core.feature" version="1.0.0"/>
      <import feature="org.eclipse.wst.common_core.feature" version="1.0.0"/>
   </requires>

   <plugin
         id="org.eclipse.wst.dtd.ui"
         download-size="0"
         install-size="0"
         version="0.7.0"
         unpack="false"/>

   <plugin
         id="org.eclipse.wst.dtd.ui.infopop"
         download-size="0"
         install-size="0"
         version="0.7.0"
         unpack="false"/>

   <plugin
         id="org.eclipse.wst.sse.ui.infopop"
         download-size="0"
         install-size="0"
         version="0.7.0"
         unpack="false"/>

   <plugin
         id="org.eclipse.wst.xml.ui.infopop"
         download-size="0"
         install-size="0"
         version="0.7.0"
         unpack="false"/>

   <plugin
         id="org.eclipse.wst.dtd.ui"
         download-size="0"
         install-size="0"
         version="0.7.0"
         unpack="false"/>

   <plugin
         id="org.eclipse.wst.sse.ui"
         download-size="0"
         install-size="0"
         version="0.7.0"
         unpack="false"/>

   <plugin
         id="org.eclipse.wst.xml.ui"
         download-size="0"
         install-size="0"
         version="0.7.0"
         unpack="false"/>

   <plugin
         id="org.eclipse.wst.xsd.ui"
         download-size="0"
         install-size="0"
         version="0.7.1"
         unpack="false"/>

</feature>
